{
  "Ansi 6 Color" : {
    "Red Component" : 0.1523729860782623,
    "Color Space" : "Calibrated",
    "Blue Component" : 0.242529571056366,
    "Alpha Component" : 1,
    "Green Component" : 0.2154253870248795
  },
  "Tags" : [

  ],
  "Ansi 12 Color" : {
    "Red Component" : 0.4314526319503784,
    "Color Space" : "Calibrated",
    "Blue Component" : 0.974120020866394,
    "Alpha Component" : 1,
    "Green Component" : 0.6181071996688843
  },
  "Ansi 7 Color" : {
    "Red Component" : 0.3645541369915009,
    "Color Space" : "Calibrated",
    "Blue Component" : 0.4265227913856506,
    "Alpha Component" : 1,
    "Green Component" : 0.394405335187912
  },
  "Ansi 8 Color" : {
    "Red Component" : 0.163320392370224,
    "Color Space" : "Calibrated",
    "Blue Component" : 0.1951855719089508,
    "Alpha Component" : 1,
    "Green Component" : 0.1752988696098328
  },
  "Bold Color" : {
    "Red Component" : 0.7190966606140137,
    "Color Space" : "Calibrated",
    "Blue Component" : 0.7786047458648682,
    "Alpha Component" : 1,
    "Green Component" : 0.7312041521072388
  },
  "Ansi 9 Color" : {
    "Red Component" : 0.9305267333984375,
    "Color Space" : "Calibrated",
    "Blue Component" : 0.2947133183479309,
    "Alpha Component" : 1,
    "Green Component" : 0.3727967739105225
  },
  "Ansi 4 Color" : {
    "Red Component" : 0.5038478374481201,
    "Color Space" : "Calibrated",
    "Blue Component" : 0.9108739495277405,
    "Alpha Component" : 1,
    "Green Component" : 0.6483380198478699
  },
  "Guid" : "15D8C0EA-8CBF-41DD-A664-859912835A70",
  "Rows" : 30,
  "Default Bookmark" : "No",
  "Cursor Guide Color" : {
    "Red Component" : 0.65,
    "Color Space" : "Calibrated",
    "Blue Component" : 1,
    "Alpha Component" : 0.25,
    "Green Component" : 0.91
  },
  "Non-ASCII Anti Aliased" : true,
  "Use Bright Bold" : true,
  "Ansi 10 Color" : {
    "Red Component" : 0.7156955003738403,
    "Color Space" : "Calibrated",
    "Blue Component" : 0.4483129382133484,
    "Alpha Component" : 1,
    "Green Component" : 0.9077885150909424
  },
  "Use Cursor Guide" : false,
  "Ambiguous Double Width" : false,
  "Jobs to Ignore" : [
    "rlogin",
    "ssh",
    "slogin",
    "telnet"
  ],
  "Ansi 15 Color" : {
    "Red Component" : 0.7190966606140137,
    "Color Space" : "Calibrated",
    "Blue Component" : 0.7786047458648682,
    "Alpha Component" : 1,
    "Green Component" : 0.7312041521072388
  },
  "Foreground Color" : {
    "Red Component" : 0.7190966606140137,
    "Color Space" : "Calibrated",
    "Blue Component" : 0.7786047458648682,
    "Alpha Component" : 1,
    "Green Component" : 0.7312041521072388
  },
  "Working Directory" : "\/Users\/jackieluo",
  "Bound Hosts" : [

  ],
  "Blinking Cursor" : true,
  "Disable Window Resizing" : true,
  "Sync Title" : false,
  "Prompt Before Closing 2" : false,
  "BM Growl" : true,
  "Command" : "",
  "Description" : "Default",
  "Mouse Reporting" : true,
  "Use Tab Color" : false,
  "Screen" : -1,
  "Selection Color" : {
    "Red Component" : 0.1127838268876076,
    "Color Space" : "Calibrated",
    "Blue Component" : 0.166084885597229,
    "Alpha Component" : 1,
    "Green Component" : 0.1474501937627792
  },
  "Smart Cursor Color" : false,
  "Columns" : 120,
  "Idle Code" : 0,
  "Ansi 13 Color" : {
    "Red Component" : 0.7308791279792786,
    "Color Space" : "Calibrated",
    "Blue Component" : 0.9061589241027832,
    "Alpha Component" : 1,
    "Green Component" : 0.4622125327587128
  },
  "Custom Command" : "No",
  "ASCII Anti Aliased" : true,
  "Non Ascii Font" : "Monaco 12",
  "Vertical Spacing" : 1,
  "Use Bold Font" : false,
  "Option Key Sends" : 0,
  "Selected Text Color" : {
    "Red Component" : 0.7190966606140137,
    "Color Space" : "Calibrated",
    "Blue Component" : 0.7786047458648682,
    "Alpha Component" : 1,
    "Green Component" : 0.7312041521072388
  },
  "Background Color" : {
    "Red Component" : 0.07702353596687317,
    "Color Space" : "Calibrated",
    "Blue Component" : 0.1262840628623962,
    "Alpha Component" : 1,
    "Green Component" : 0.1059167981147766
  },
  "Character Encoding" : 4,
  "Ansi 11 Color" : {
    "Red Component" : 0.995029628276825,
    "Color Space" : "Calibrated",
    "Blue Component" : 0.3177565336227417,
    "Alpha Component" : 1,
    "Green Component" : 0.7614355087280273
  },
  "Use Italic Font" : true,
  "Unlimited Scrollback" : false,
  "Keyboard Map" : {
    "0xf700-0x260000" : {
      "Action" : 10,
      "Text" : "[1;6A"
    },
    "0x37-0x40000" : {
      "Action" : 11,
      "Text" : "0x1f"
    },
    "0x32-0x40000" : {
      "Action" : 11,
      "Text" : "0x00"
    },
    "0xf709-0x20000" : {
      "Action" : 10,
      "Text" : "[17;2~"
    },
    "0xf70c-0x20000" : {
      "Action" : 10,
      "Text" : "[20;2~"
    },
    "0xf729-0x20000" : {
      "Action" : 10,
      "Text" : "[1;2H"
    },
    "0xf72b-0x40000" : {
      "Action" : 10,
      "Text" : "[1;5F"
    },
    "0xf705-0x20000" : {
      "Action" : 10,
      "Text" : "[1;2Q"
    },
    "0xf703-0x260000" : {
      "Action" : 10,
      "Text" : "[1;6C"
    },
    "0xf700-0x220000" : {
      "Action" : 10,
      "Text" : "[1;2A"
    },
    "0xf701-0x280000" : {
      "Action" : 11,
      "Text" : "0x1b 0x1b 0x5b 0x42"
    },
    "0x38-0x40000" : {
      "Action" : 11,
      "Text" : "0x7f"
    },
    "0x33-0x40000" : {
      "Action" : 11,
      "Text" : "0x1b"
    },
    "0xf703-0x220000" : {
      "Action" : 10,
      "Text" : "[1;2C"
    },
    "0xf701-0x240000" : {
      "Action" : 10,
      "Text" : "[1;5B"
    },
    "0xf70d-0x20000" : {
      "Action" : 10,
      "Text" : "[21;2~"
    },
    "0xf702-0x260000" : {
      "Action" : 10,
      "Text" : "[1;6D"
    },
    "0xf729-0x40000" : {
      "Action" : 10,
      "Text" : "[1;5H"
    },
    "0xf706-0x20000" : {
      "Action" : 10,
      "Text" : "[1;2R"
    },
    "0x34-0x40000" : {
      "Action" : 11,
      "Text" : "0x1c"
    },
    "0xf700-0x280000" : {
      "Action" : 11,
      "Text" : "0x1b 0x1b 0x5b 0x41"
    },
    "0x2d-0x40000" : {
      "Action" : 11,
      "Text" : "0x1f"
    },
    "0xf70e-0x20000" : {
      "Action" : 10,
      "Text" : "[23;2~"
    },
    "0xf702-0x220000" : {
      "Action" : 10,
      "Text" : "[1;2D"
    },
    "0xf703-0x280000" : {
      "Action" : 11,
      "Text" : "0x1b 0x1b 0x5b 0x43"
    },
    "0xf700-0x240000" : {
      "Action" : 10,
      "Text" : "[1;5A"
    },
    "0xf707-0x20000" : {
      "Action" : 10,
      "Text" : "[1;2S"
    },
    "0xf70a-0x20000" : {
      "Action" : 10,
      "Text" : "[18;2~"
    },
    "0x35-0x40000" : {
      "Action" : 11,
      "Text" : "0x1d"
    },
    "0xf70f-0x20000" : {
      "Action" : 10,
      "Text" : "[24;2~"
    },
    "0xf703-0x240000" : {
      "Action" : 10,
      "Text" : "[1;5C"
    },
    "0xf701-0x260000" : {
      "Action" : 10,
      "Text" : "[1;6B"
    },
    "0xf702-0x280000" : {
      "Action" : 11,
      "Text" : "0x1b 0x1b 0x5b 0x44"
    },
    "0xf72b-0x20000" : {
      "Action" : 10,
      "Text" : "[1;2F"
    },
    "0x36-0x40000" : {
      "Action" : 11,
      "Text" : "0x1e"
    },
    "0xf708-0x20000" : {
      "Action" : 10,
      "Text" : "[15;2~"
    },
    "0xf701-0x220000" : {
      "Action" : 10,
      "Text" : "[1;2B"
    },
    "0xf70b-0x20000" : {
      "Action" : 10,
      "Text" : "[19;2~"
    },
    "0xf702-0x240000" : {
      "Action" : 10,
      "Text" : "[1;5D"
    },
    "0xf704-0x20000" : {
      "Action" : 10,
      "Text" : "[1;2P"
    }
  },
  "Window Type" : 0,
  "Cursor Boost" : 0,
  "Cursor Type" : 1,
  "Background Image Location" : "",
  "Blur" : false,
  "Badge Color" : {
    "Red Component" : 1,
    "Color Space" : "Calibrated",
    "Blue Component" : 0,
    "Alpha Component" : 0.5,
    "Green Component" : 0
  },
  "Scrollback Lines" : 1000,
  "Send Code When Idle" : false,
  "Close Sessions On End" : true,
  "Terminal Type" : "xterm-256color",
  "Visual Bell" : true,